ReidDoug/ASUNTOS PRÁCTICOS EN LA ASAMPLEA DE DIOS.pdf,Asuntos Prácticos en la Asamblea de dios,Reid,Doug
ReidDoug/COMO LLEVAR A UNA PERSONA A CRISTO.pdf,Como Llevar a Una Persona a Cristo,Reid,Doug
ReidDoug/Cabezas Administrativas en I Corintios 11.pdf,Cabezas Administrativas en I Corintios 11,Reid,Doug
ReidDoug/EL BAUTISMO del Creyente.pdf,El Bautismo del Creyente,Reid,Doug
ReidDoug/EL FUNDAMENTO DE LA IGLESIA.pdf,El Fundamento de la Iglesia,Reid,Doug
ReidDoug/EL RECONOCIMIENTO Y ASIRSE DE LAS PERSONAS DE LA DEIDAD.pdf,El Reconocimiento Y Asirse de las Personas de la Deidad,Reid,Doug
ReidDoug/EL SACERDOCIO DE LOS VERDADEROS CREYENTES EN CRISTO.pdf,El Sacerdocio de los Verdaderos Creyentes en Cristo,Reid,Doug
"ReidDoug/ESPÍRITU, aliento y espíritu.pdf","ESPÍRITU, aliento y espíritu",Reid,Doug
ReidDoug/LA DISCIPLINA EN LA CASA DE DIOS.pdf,La Disciplina en la Casa de Dios,Reid,Doug
ReidDoug/LA IGLESIA EN LOS PROPÓSITOS DE DIOS.pdf,La Iglesia en los Propósitos de Dios,Reid,Doug
ReidDoug/LA SEGURIDAD DEL VERDADERO CREYENTE EN CRISTO.pdf,La Seguridad del Verdadero Creyente en Cristo,Reid,Doug
ReidDoug/La Cena del Señor.pdf,La Cena del Señor,Reid,Doug
ReidDoug/La guía del Espíritu Santo en las Reuniones en Asamblea.pdf,La Guía del Espíritu Santo en las Reuniones en Asamblea,Reid,Doug
ReidDoug/UNA CASA ESPIRITUAL.pdf,Una Casa Espiritual,Reid,Doug
KolchinMark/Adorning_the_Doctrine_of_God.html,Adorning the Doctring of God,Kolchin,Mark
KolchinMark/AllThings.pdf,All Things,Kolchin,Mark
KolchinMark/Am_I_Teachable.html,Am I Teachable?,Kolchin,Mark
KolchinMark/Amillennialism-AnOverview.pdf,Amillennialism - An Overview,Kolchin,Mark
KolchinMark/Behind_the_Scenes.html,Behind The Scenes the Day Christ Died,Kolchin,Mark
KolchinMark/Courage.pdf,Courage,Kolchin,Mark
KolchinMark/DangerintheDelay-Ex.pdf,Danger in the Delay - Ex,Kolchin,Mark
KolchinMark/Day_of_Christ_and_the_Day_of_the_Lord.html,Day of Christ and the Day of the Lord,Kolchin,Mark
KolchinMark/DiscernmentintheDayofFamine-2Kings4.pdf,Discernment in the Day of Famine - 2 Kings 4,Kolchin,Mark
KolchinMark/Finishing_the_Course.html,Finishing the Course,Kolchin,Mark
KolchinMark/Fruit-Bearing-John15.pdf,Fruit-Bearing - John 15,Kolchin,Mark
KolchinMark/Hospitality.pdf,Hospitality,Kolchin,Mark
KolchinMark/How_BIG_are_the_Little_Things.html,How BIG are the Little Things?,Kolchin,Mark
KolchinMark/Isaac_at_Gerar.html,Isaac at Gerar,Kolchin,Mark
KolchinMark/Jesus_In_the_Midst.html,Jesus In the Midst,Kolchin,Mark
KolchinMark/Loyalty.pdf,Loyalty,Kolchin,Mark
KolchinMark/Mixing_the_Ways_of_the_World_with_the_Things_of_God.html,Mixing the Ways of the World With the Things of God,Kolchin,Mark
KolchinMark/OurStewardshipinChrist.pdf,Our Stewardship in Christ,Kolchin,Mark
KolchinMark/PaulsMessageatMarsHill-Acts17.pdf,Paul's Message at Mars Hill - Acts 17,Kolchin,Mark
KolchinMark/Ready-Missions.pdf,Ready - Missions,Kolchin,Mark
KolchinMark/Refreshing_the_Saints.html,Refreshing the Saints,Kolchin,Mark
KolchinMark/Revive_Us_O_Lord.html,"Revive Us, O Lord",Kolchin,Mark
KolchinMark/Steadfast_in_the_Faith.html,Steadfast in the Faith,Kolchin,Mark
KolchinMark/TheConversionofCornelius-Acts10.pdf,The Conversion of Cornelius - Acts 10,Kolchin,Mark
KolchinMark/TheGreatDivide-TheDifferencebetweenCovenantalandDispenationalTheology.pdf,The Great Divide - The Difference between Covenantal and Dispenational Theology,Kolchin,Mark
KolchinMark/TheHackingofAgag.pdf,The Hacking of Agag,Kolchin,Mark
KolchinMark/ThePoweroftheCross-Acts12.pdf,The Power of the Cross - Acts 12,Kolchin,Mark
KolchinMark/TheRequestsandBequestsofOurGreatHighPriest-John17.pdf,The Requests and Bequests of Our Great High Priest - John 17,Kolchin,Mark
KolchinMark/TheRoadtoDamascus.pdf,The Road to Damascus,Kolchin,Mark
KolchinMark/TheSimplicityThatIsInChrist.pdf,The Simplicity That Is In Christ,Kolchin,Mark
KolchinMark/The_Battle_and_the_Blessing.html,The Battle and the Blessing,Kolchin,Mark
KolchinMark/The_Cities_of_Refuge.html,The Citites of Refuge,Kolchin,Mark
KolchinMark/The_Depths_of_God_s_Forgiveness.html,The Depths of God's Forgiveness,Kolchin,Mark
KolchinMark/The_Rebellion_of_Absalom.html,The Rebellion of Absalom,Kolchin,Mark
KolchinMark/The_Strategy_of_the_Enemy.html,The Strategy of the Enemy,Kolchin,Mark
KolchinMark/The_Work_of_The_Ministry.html,The Work of the Ministry,Kolchin,Mark
KolchinMark/TriedAndTrue-TheTrialofOurFaith.pdf,Tried And True - The Trial of Our Faith,Kolchin,Mark
KolchinMark/UnityoftheBody.pdf,Unity of the Body,Kolchin,Mark
KolchinMark/Watching_and_Remembering.html,Watching and Remembering,Kolchin,Mark
KolchinMark/thetestimonyoftheredeemed.html,The Testimony of the Redeemed,Kolchin,Mark
RacineGaston/ConnaissanceOuObeissance.pdf,Connaissance ou Obéissance? (Knowledge or Obedience?),Racine,Gaston
RacineGaston/CroyanceouFoi.pdf,Croyance ou Foi? (Belief or Faith?),Racine,Gaston
RacineGaston/DieuEst-IlResponsableDuPeche.pdf,"Dieu, Est-Il Responsable Du Péché? (Is God Responsible for Sin?)",Racine,Gaston
RacineGaston/DonnezGloireAVotreDieu.pdf,Donnez Gloire à Votre Dieu! (Give Glory to Your God!),Racine,Gaston
RacineGaston/EnracinesEtEdifiesEnLui.pdf,Enracinés et Édifiés En Lui (Rooted and Built Up in Him),Racine,Gaston
RacineGaston/EtreChretien.pdf,Être Chrétien (Being a Christian),Racine,Gaston
RacineGaston/IsraelEtSaDestine.pdf,Israël et Sa Destinée (Israel and Her Destiny),Racine,Gaston
RacineGaston/L-AtheismePratique.pdf,L'Athéïsme Pratique (Practical Atheism),Racine,Gaston
RacineGaston/LEgliseEtSaDestinee.pdf,L'Église et Sa Destinée (The Church and Her Destiny),Racine,Gaston
RacineGaston/LeMondeEtSaDestinee.pdf,Le Monde et Sa Destinée (The World and Its Destiny),Racine,Gaston
RacineGaston/LesLeconsDeMarie.pdf,Les Leçons de Marie (The Lessons of Mary),Racine,Gaston
RacineGaston/LeVraiVisageDeL-Affliction.pdf,Le Vrai Visage de l'Affliction (The True Face of Affliction),Racine,Gaston
RacineGaston/L-HommeEtSaDestinee.pdf,L'Homme et Sa Destinée (Man and His Destiny),Racine,Gaston
RacineGaston/L-HommeFaceALaMort.pdf,L'Homme Face à la Mort (Man in Light of Death),Racine,Gaston
RacineGaston/L-HommeFaceALaSouffrance.pdf,L'Homme Face à la Souffrance (Man in Light of Suffering),Racine,Gaston
RacineGaston/MediocriteOuSaintete.pdf,Médiocrité ou Sainteté? (Mediocrasy or Holiness?),Racine,Gaston
RacineGaston/MessageDeDieuauxVeuves.pdf,Message de Dieu aux Vueves (Message of God to Widows),Racine,Gaston
RacineGaston/OpinionsouConvictions-LaFoi.pdf,Opinions ou Convictions? (Opinions or Convictions?),Racine,Gaston
RacineGaston/Peut-OnNaitreDeNouveau.pdf,Peut-On Naître de Nouveau? (Can We Be Born Again?),Racine,Gaston
RacineGaston/QuePensezVousDuChrist.pdf,Que Pensez-Vous du Christ? (What Do You Think Of Christ?),Racine,Gaston
RacineGaston/RevolteResigneVainqueur.pdf,"Révolté, Résigné, Vainqueur! (Revolted, Resigned, Victor!)",Racine,Gaston
RacineGaston/Vivre.pdf,Vivre (To Live),Racine,Gaston
